Indicator,Description
Rand per US Dollar,Weighted average of the banks' daily rates at approximately 10:30 am. Weights are based on the banks' foreign exchange transactions.
,
Date,Value
 2024-02-12,18.9877
 2024-02-09,19.0113
 2024-02-08,18.9691
 2024-02-07,18.8512
 2024-02-06,18.9457
 2024-02-05,18.9563
 2024-02-02,18.634
 2024-02-01,18.7164
 2024-01-31,18.7063
 2024-01-30,18.8637
 2024-01-29,18.7665
 2024-01-26,18.9156
 2024-01-25,18.8946
 2024-01-24,18.8663
 2024-01-23,19.0983
 2024-01-22,19.1444
 2024-01-19,18.9904
 2024-01-18,19.005
 2024-01-17,19.0093
 2024-01-16,18.8547
 2024-01-15,18.673
 2024-01-12,18.5818
 2024-01-11,18.6279
 2024-01-10,18.6495
 2024-01-09,18.6387
 2024-01-08,18.8003
 2024-01-05,18.7906
 2024-01-04,18.6562
 2024-01-03,18.5803
 2024-01-02,18.35
 2023-12-29,18.5826
 2023-12-28,18.4346
 2023-12-27,18.4914
 2023-12-22,18.4175
 2023-12-21,18.224
 2023-12-20,18.2888
 2023-12-19,18.5484
 2023-12-18,18.3211
 2023-12-14,18.6113
 2023-12-13,19.0734
 2023-12-12,19.0304
 2023-12-11,19.0689
 2023-12-08,18.8313
 2023-12-07,18.9462
 2023-12-06,18.9274
 2023-12-05,18.8235
 2023-12-04,18.699
 2023-12-01,18.8143
 2023-11-30,18.7328
 2023-11-29,18.5316
 2023-11-28,18.6845
 2023-11-27,18.8238
 2023-11-24,18.8957
 2023-11-23,18.7675
 2023-11-22,18.7665
 2023-11-21,18.3052
 2023-11-20,18.3842
 2023-11-17,18.384
 2023-11-16,18.1758
 2023-11-15,18.1751
 2023-11-14,18.7548
 2023-11-13,18.6871
 2023-11-10,18.6541
 2023-11-09,18.6079
 2023-11-08,18.4134
 2023-11-07,18.3486
 2023-11-06,18.1891
 2023-11-03,18.4397
 2023-11-02,18.4389
 2023-11-01,18.7316
 2023-10-31,18.8016
 2023-10-30,18.8477
 2023-10-27,18.8845
 2023-10-26,19.1819
 2023-10-25,19.0937
 2023-10-24,18.9863
 2023-10-23,19.0807
 2023-10-20,19.1057
 2023-10-19,19.1065
 2023-10-18,18.7548
 2023-10-17,18.7923
 2023-10-16,18.9005
 2023-10-13,18.9642
 2023-10-12,18.8253
 2023-10-11,18.9271
 2023-10-10,19.1573
 2023-10-09,19.3678
 2023-10-06,19.4202
 2023-10-05,19.4553
 2023-10-04,19.325
 2023-10-03,19.2227
 2023-10-02,18.9655
 2023-09-29,18.784
 2023-09-28,19.2105
 2023-09-27,19.0522
 2023-09-26,18.8299
 2023-09-22,18.8488
 2023-09-21,18.8225
 2023-09-20,18.9406
 2023-09-19,18.9623
 2023-09-18,19.0162
 2023-09-15,19.0481
 2023-09-14,18.8964
 2023-09-13,18.9205
 2023-09-12,18.8974
 2023-09-11,18.8866
 2023-09-08,19.1072
 2023-09-07,19.2588
 2023-09-06,19.2574
 2023-09-05,19.2291
 2023-09-04,18.8264
 2023-09-01,18.7612
 2023-08-31,18.687
 2023-08-30,18.5753
 2023-08-29,18.4811
 2023-08-28,18.6976
 2023-08-25,18.6564
 2023-08-24,18.6003
 2023-08-23,18.7366
 2023-08-22,18.8288
 2023-08-21,19.071
 2023-08-18,19.0725
 2023-08-17,19.1627
 2023-08-16,19.0333
 2023-08-15,19.2499
 2023-08-14,18.9699
 2023-08-11,18.8743
 2023-08-10,18.793
 2023-08-08,18.792
 2023-08-07,18.593
 2023-08-04,18.685
 2023-08-03,18.6493
 2023-08-02,18.3776
 2023-08-01,18.08
 2023-07-31,17.7117
 2023-07-28,17.8692
 2023-07-27,17.4946
 2023-07-26,17.6488
 2023-07-25,17.7103
 2023-07-24,18.029
 2023-07-21,17.956
 2023-07-20,17.7673
 2023-07-19,17.8435
 2023-07-18,17.9507
 2023-07-17,18.0381
 2023-07-14,18.0212
 2023-07-13,18.0317
 2023-07-12,18.4797
 2023-07-11,18.666
 2023-07-10,18.7796
 2023-07-07,19.0764
 2023-07-06,18.8717
 2023-07-05,18.7475
 2023-07-04,18.6989
 2023-07-03,18.7255
 2023-06-30,18.9237
 2023-06-29,18.6881
 2023-06-28,18.6692
 2023-06-27,18.5001
 2023-06-26,18.6639
 2023-06-23,18.6313
 2023-06-22,18.3344
 2023-06-21,18.3266
 2023-06-20,18.1404
 2023-06-19,18.1639
 2023-06-15,18.3303
 2023-06-14,18.5134
 2023-06-13,18.6557
 2023-06-12,18.6442
 2023-06-09,18.8235
 2023-06-08,18.963
 2023-06-07,19.1543
 2023-06-06,19.2197
 2023-06-05,19.3505
 2023-06-02,19.5325
 2023-06-01,19.8618
 2023-05-31,19.7754
 2023-05-30,19.7773
 2023-05-29,19.7182
 2023-05-26,19.7446
 2023-05-25,19.3032
 2023-05-24,19.2015
 2023-05-23,19.2486
 2023-05-22,19.3112
 2023-05-19,19.3487
 2023-05-18,19.4532
 2023-05-17,19.1906
 2023-05-16,19.1078
 2023-05-15,19.025
 2023-05-12,19.3767
 2023-05-11,18.9363
 2023-05-10,18.7662
 2023-05-09,18.413
 2023-05-08,18.3237
 2023-05-05,18.3544
 2023-05-04,18.2713
 2023-05-03,18.3746
 2023-05-02,18.4292
 2023-04-28,18.4303
 2023-04-26,18.2813
 2023-04-25,18.2179
 2023-04-24,18.1616
 2023-04-21,18.0983
 2023-04-20,18.1901
 2023-04-19,18.277
 2023-04-18,18.2393
 2023-04-17,18.1459
 2023-04-14,18.1129
 2023-04-13,18.2601
 2023-04-12,18.4256
 2023-04-11,18.3474
 2023-04-06,18.1575
 2023-04-05,17.9286
 2023-04-04,17.8028
 2023-04-03,17.9478
 2023-03-31,17.8139
 2023-03-30,18.0836
 2023-03-29,18.1442
 2023-03-28,18.2859
 2023-03-27,18.3017
 2023-03-24,18.1647
 2023-03-23,18.128
 2023-03-22,18.5316
 2023-03-20,18.5427
 2023-03-17,18.3149
 2023-03-16,18.3496
 2023-03-15,18.2294
 2023-03-14,18.2052
 2023-03-13,18.1428
 2023-03-10,18.4585
 2023-03-09,18.6267
 2023-03-08,18.6706
 2023-03-07,18.2798
 2023-03-06,18.1994
 2023-03-03,18.1537
 2023-03-02,18.1847
 2023-03-01,18.1575
 2023-02-28,18.4803
 2023-02-27,18.3413
 2023-02-24,18.309
 2023-02-23,18.3119
 2023-02-22,18.3646
 2023-02-21,18.2314
 2023-02-20,18.0367
 2023-02-17,18.2712
 2023-02-16,18.0048
 2023-02-15,17.9856
 2023-02-14,17.8519
 2023-02-13,17.9937
 2023-02-10,17.7503
 2023-02-09,17.7007
 2023-02-08,17.5344
 2023-02-07,17.6448
 2023-02-06,17.5008
 2023-02-03,17.1455
 2023-02-02,17.0461
 2023-02-01,17.3973
 2023-01-31,17.4258
 2023-01-30,17.2394
 2023-01-27,17.2577
 2023-01-26,17.0717
 2023-01-25,17.2392
 2023-01-24,17.2554
 2023-01-23,17.1946
 2023-01-20,17.2468
 2023-01-19,17.1477
 2023-01-18,16.9614
 2023-01-17,17.1099
 2023-01-16,17.0182
 2023-01-13,16.7265
 2023-01-12,16.893
 2023-01-11,17.0365
 2023-01-10,16.9657
 2023-01-09,17.0166
 2023-01-06,17.1939
 2023-01-05,16.9791
 2023-01-04,16.8215
 2023-01-03,17.0707
 2022-12-30,16.9831
 2022-12-29,17.0157
 2022-12-28,17.1979
 2022-12-23,17.114
 2022-12-22,17.1493
 2022-12-21,17.2949
 2022-12-20,17.3293
 2022-12-19,17.4547
 2022-12-15,17.3492
 2022-12-14,17.1786
 2022-12-13,17.6174
 2022-12-12,17.4977
 2022-12-09,17.161
 2022-12-08,17.2011
 2022-12-07,17.3465
 2022-12-06,17.3461
 2022-12-05,17.2587
 2022-12-02,17.5034
 2022-12-01,17.384
 2022-11-30,16.9746
 2022-11-29,17.0004
 2022-11-28,17.1143
 2022-11-25,17.0837
 2022-11-24,16.9632
 2022-11-23,17.2297
 2022-11-22,17.294
 2022-11-21,17.3683
 2022-11-18,17.389
 2022-11-17,17.2469
 2022-11-16,17.2922
 2022-11-15,17.235
 2022-11-14,17.2653
 2022-11-11,17.2798
 2022-11-10,17.7756
 2022-11-09,17.6668
 2022-11-08,17.7721
 2022-11-07,17.8789
 2022-11-04,18.2961
 2022-11-03,18.3669
 2022-11-02,18.1238
 2022-11-01,18.1655
 2022-10-31,18.3075
 2022-10-28,18.1019
 2022-10-27,17.9907
 2022-10-26,18.0301
 2022-10-25,18.4557
 2022-10-24,18.3241
 2022-10-21,18.3618
 2022-10-20,18.3382
 2022-10-19,18.1674
 2022-10-18,18.017
 2022-10-17,18.1931
 2022-10-14,18.1708
 2022-10-13,18.3614
 2022-10-12,18.1774
 2022-10-11,18.1006
 2022-10-10,18.2334
 2022-10-07,17.9767
 2022-10-06,17.8335
 2022-10-05,17.7343
 2022-10-04,17.7405
 2022-10-03,18.0045
 2022-09-30,17.8937
 2022-09-29,18.0226
 2022-09-28,18.1596
 2022-09-27,17.9544
 2022-09-26,18.0671
 2022-09-23,17.7755
 2022-09-22,17.657
 2022-09-21,17.7225
 2022-09-20,17.6711
 2022-09-19,17.744
 2022-09-16,17.655
 2022-09-15,17.4757
 2022-09-14,17.3835
 2022-09-13,17.0438
 2022-09-12,17.1059
 2022-09-09,17.284
 2022-09-08,17.3426
 2022-09-07,17.3675
 2022-09-06,17.1297
 2022-09-05,17.3256
 2022-09-02,17.3139
 2022-09-01,17.1363
 2022-08-31,17.025
 2022-08-30,16.7849
 2022-08-29,16.934
 2022-08-26,16.8291
 2022-08-25,16.857
 2022-08-24,17.0391
 2022-08-23,17.035
 2022-08-22,17.0619
 2022-08-19,16.8918
 2022-08-18,16.7221
 2022-08-17,16.4668
 2022-08-16,16.4718
 2022-08-15,16.3237
 2022-08-12,16.1698
 2022-08-11,16.2519
 2022-08-10,16.5632
 2022-08-08,16.7056
 2022-08-05,16.5781
 2022-08-04,16.7791
 2022-08-03,16.6913
 2022-08-02,16.4792
 2022-08-01,16.487
 2022-07-29,16.5087
 2022-07-28,16.6962
 2022-07-27,16.8511
 2022-07-26,16.7122
 2022-07-25,16.8119
 2022-07-22,17.016
 2022-07-21,17.2318
 2022-07-20,17.1384
 2022-07-19,17.0267
 2022-07-18,16.9801
 2022-07-15,17.2362
 2022-07-14,17.0374
 2022-07-13,17.0117
 2022-07-12,17.1309
 2022-07-11,16.9723
 2022-07-08,16.8419
 2022-07-07,16.7918
 2022-07-06,16.6949
 2022-07-05,16.4111
 2022-07-04,16.3523
 2022-07-01,16.3482
 2022-06-30,16.2511
 2022-06-29,16.1338
 2022-06-28,15.8761
 2022-06-27,15.8247
 2022-06-24,15.9334
 2022-06-23,16.0061
 2022-06-22,16.0044
 2022-06-21,15.9199
 2022-06-20,16.0371
 2022-06-17,15.9196
 2022-06-15,16.0013
 2022-06-14,16.092
 2022-06-13,16.0474
 2022-06-10,15.4804
 2022-06-09,15.203
 2022-06-08,15.3476
 2022-06-07,15.4189
 2022-06-06,15.3608
 2022-06-03,15.4117
 2022-06-02,15.5202
 2022-06-01,15.5338
 2022-05-31,15.5455
 2022-05-30,15.5162
 2022-05-27,15.6402
 2022-05-26,15.728
 2022-05-25,15.6571
 2022-05-24,15.7668
 2022-05-23,15.8356
 2022-05-20,15.8428
 2022-05-19,16.0444
 2022-05-18,15.9475
 2022-05-17,16.047
 2022-05-16,16.2448
 2022-05-13,16.0337
 2022-05-12,16.2215
 2022-05-11,16.053
 2022-05-10,16.1257
 2022-05-09,16.1691
 2022-05-06,16.0525
 2022-05-05,15.6313
 2022-05-04,15.8516
 2022-05-03,16.0312
 2022-04-29,15.8889
 2022-04-28,15.8762
 2022-04-26,15.7413
 2022-04-25,15.641
 2022-04-22,15.4949
 2022-04-21,15.1976
 2022-04-20,15.0687
 2022-04-19,14.7084
 2022-04-14,14.6483
 2022-04-13,14.456
 2022-04-12,14.5524
 2022-04-11,14.623
 2022-04-08,14.7138
 2022-04-07,14.7201
 2022-04-06,14.6638
 2022-04-05,14.541
 2022-04-04,14.5838
 2022-04-01,14.581
 2022-03-31,14.4705
 2022-03-30,14.4699
 2022-03-29,14.6888
 2022-03-28,14.5392
 2022-03-25,14.543
 2022-03-24,14.7658
 2022-03-23,14.8161
 2022-03-22,14.8844
 2022-03-18,14.9391
 2022-03-17,14.9188
 2022-03-16,15.0519
 2022-03-15,15.1058
 2022-03-14,15.116
 2022-03-11,15.0824
 2022-03-10,15.081
 2022-03-09,15.1549
 2022-03-08,15.2774
 2022-03-07,15.3949
 2022-03-04,15.2827
 2022-03-03,15.3101
 2022-03-02,15.4697
 2022-03-01,15.2996
 2022-02-28,15.4488
 2022-02-25,15.326
 2022-02-24,15.266
 2022-02-23,15.0188
 2022-02-22,15.186
 2022-02-21,15.1015
 2022-02-18,14.9354
 2022-02-17,15.0097
 2022-02-16,15.0599
 2022-02-15,15.004
 2022-02-14,15.1965
 2022-02-11,15.1005
 2022-02-10,15.1408
 2022-02-09,15.3338
 2022-02-08,15.5402
 2022-02-07,15.459
 2022-02-04,15.2606
 2022-02-03,15.3907
 2022-02-02,15.2444
 2022-02-01,15.2809
 2022-01-31,15.5519
 2022-01-28,15.4935
 2022-01-27,15.3196
 2022-01-26,15.159
 2022-01-25,15.3214
 2022-01-24,15.1448
 2022-01-21,15.1567
 2022-01-20,15.249
 2022-01-19,15.4538
 2022-01-18,15.45
 2022-01-17,15.3867
 2022-01-14,15.32
 2022-01-13,15.2888
 2022-01-12,15.4829
 2022-01-11,15.5822
 2022-01-10,15.6629
 2022-01-07,15.7
 2022-01-06,15.9038
 2022-01-05,15.9978
 2022-01-04,15.9108
 2022-01-03,15.8667
 2021-12-31,15.8899
 2021-12-30,15.9757
 2021-12-29,15.7438
 2021-12-28,15.5657
 2021-12-24,15.6357
 2021-12-23,15.7546
 2021-12-22,15.8433
 2021-12-21,15.7976
 2021-12-20,15.833
 2021-12-17,15.8767
 2021-12-15,16.1452
 2021-12-14,16.0029
 2021-12-13,15.9357
 2021-12-10,16.0345
 2021-12-09,15.7129
 2021-12-08,15.8452
 2021-12-07,15.9067
 2021-12-06,15.9816
 2021-12-03,16.0342
 2021-12-02,15.9299
 2021-12-01,15.8403
 2021-11-30,16.1259
 2021-11-29,16.1446
 2021-11-26,16.319
 2021-11-25,15.8324
 2021-11-24,15.8218
 2021-11-23,15.8706
 2021-11-22,15.7408
 2021-11-19,15.6168
 2021-11-18,15.5338
 2021-11-17,15.4629
 2021-11-16,15.2169
 2021-11-15,15.2329
 2021-11-12,15.3157
 2021-11-11,15.4506
 2021-11-10,15.0427
 2021-11-09,14.9395
 2021-11-08,15.0333
 2021-11-05,15.2901
 2021-11-04,15.2595
 2021-11-03,15.3363
 2021-11-02,15.3667
 2021-10-29,15.2746
 2021-10-28,15.1399
 2021-10-27,14.9755
 2021-10-26,14.7038
 2021-10-25,14.7582
 2021-10-22,14.6151
 2021-10-21,14.4914
 2021-10-20,14.4943
 2021-10-19,14.5908
 2021-10-18,14.7218
 2021-10-15,14.6865
 2021-10-14,14.7195
 2021-10-13,14.8837
 2021-10-12,15.0142
 2021-10-11,14.9594
 2021-10-08,14.9389
 2021-10-07,14.9195
 2021-10-06,15.1718
 2021-10-05,15.028
 2021-10-04,14.9799
 2021-10-01,15.0323
 2021-09-30,15.136
 2021-09-29,15.0304
 2021-09-28,15.0546
 2021-09-27,15.038
 2021-09-23,14.6646
 2021-09-22,14.7729
 2021-09-21,14.7524
 2021-09-20,14.7972
 2021-09-17,14.6129
 2021-09-16,14.5068
 2021-09-15,14.2955
 2021-09-14,14.1664
 2021-09-13,14.1899
 2021-09-10,14.0946
 2021-09-09,14.1393
 2021-09-08,14.3348
 2021-09-07,14.3038
 2021-09-06,14.2647
 2021-09-03,14.4109
 2021-09-02,14.3228
 2021-09-01,14.4419
 2021-08-31,14.5371
 2021-08-30,14.66
 2021-08-27,14.9042
 2021-08-26,14.95
 2021-08-25,14.9299
 2021-08-24,15.1542
 2021-08-23,15.2842
 2021-08-20,15.353
 2021-08-19,15.162
 2021-08-18,14.9022
 2021-08-17,14.8828
 2021-08-16,14.7561
 2021-08-13,14.838
 2021-08-12,14.6961
 2021-08-11,14.8332
 2021-08-10,14.785
 2021-08-06,14.5415
 2021-08-05,14.389
 2021-08-04,14.2661
 2021-08-03,14.3188
 2021-08-02,14.5165
 2021-07-30,14.5593
 2021-07-29,14.6582
 2021-07-28,14.8094
 2021-07-27,14.9312
 2021-07-26,14.9691
 2021-07-23,14.7561
 2021-07-22,14.5493
 2021-07-21,14.7097
 2021-07-20,14.552
 2021-07-19,14.4782
 2021-07-16,14.4485
 2021-07-15,14.5185
 2021-07-14,14.7381
 2021-07-13,14.4932
 2021-07-12,14.3448
 2021-07-09,14.2773
 2021-07-08,14.4057
 2021-07-07,14.3567
 2021-07-06,14.2376
 2021-07-05,14.2423
 2021-07-02,14.4582
 2021-07-01,14.2968
 2021-06-30,14.3073
 2021-06-29,14.3303
 2021-06-28,14.2706
 2021-06-25,14.1637
 2021-06-24,14.2661
 2021-06-23,14.1554
 2021-06-22,14.3369
 2021-06-21,14.36
 2021-06-18,14.0811
 2021-06-17,14.0211
 2021-06-15,13.7491
 2021-06-14,13.7541
 2021-06-11,13.5667
 2021-06-10,13.6924
 2021-06-09,13.5425
 2021-06-08,13.5994
 2021-06-07,13.4949
 2021-06-04,13.6629
 2021-06-03,13.5237
 2021-06-02,13.7703
 2021-06-01,13.7467
 2021-05-31,13.7404
 2021-05-28,13.8194
 2021-05-27,13.6843
 2021-05-26,13.8295
 2021-05-25,13.852
 2021-05-24,13.9829
 2021-05-21,13.9859
 2021-05-20,14.0726
 2021-05-19,14.0385
 2021-05-18,14.0137
 2021-05-17,14.1564
 2021-05-14,14.1485
 2021-05-13,14.0867
 2021-05-12,13.9845
 2021-05-11,14.0095
 2021-05-10,13.9915
 2021-05-07,14.2393
 2021-05-06,14.316
 2021-05-05,14.4652
 2021-05-04,14.4599
 2021-05-03,14.4599
 2021-04-30,14.3799
 2021-04-29,14.1969
 2021-04-28,14.3979
 2021-04-26,14.23
 2021-04-23,14.2938
 2021-04-22,14.2731
 2021-04-21,14.3161
 2021-04-20,14.2599
 2021-04-19,14.1769
 2021-04-16,14.2549
 2021-04-15,14.3448
 2021-04-14,14.5223
 2021-04-13,14.5542
 2021-04-12,14.642
 2021-04-09,14.5894
 2021-04-08,14.4932
 2021-04-07,14.548
 2021-04-06,14.5869
 2021-04-01,14.7241
 2021-03-31,14.8369
 2021-03-30,14.9513
 2021-03-29,15.0189
 2021-03-26,15.0113
 2021-03-25,14.9356
 2021-03-24,14.8397
 2021-03-23,14.7908
 2021-03-19,14.654
 2021-03-18,14.6714
 2021-03-17,14.9236
 2021-03-16,14.8903
 2021-03-15,14.9158
 2021-03-12,14.9757
 2021-03-11,14.9144
 2021-03-10,15.2572
 2021-03-09,15.374
 2021-03-08,15.436
 2021-03-05,15.3047
 2021-03-04,15.0735
 2021-03-03,14.8663
 2021-03-02,15.0343
 2021-03-01,15.0894
 2021-02-26,14.8367
 2021-02-25,14.6259
 2021-02-24,14.5815
 2021-02-23,14.6818
 2021-02-22,14.8032
 2021-02-19,14.5616
 2021-02-18,14.6559
 2021-02-17,14.7137
 2021-02-16,14.4646
 2021-02-15,14.4402
 2021-02-12,14.661
 2021-02-11,14.6967
 2021-02-10,14.6843
 2021-02-09,14.8437
 2021-02-08,14.9038
 2021-02-05,14.9266
 2021-02-04,14.9607
 2021-02-03,14.9348
 2021-02-02,14.9399
 2021-02-01,15.0809
 2021-01-29,15.1903
 2021-01-28,15.3363
 2021-01-27,15.0916
 2021-01-26,15.3233
 2021-01-25,15.1699
 2021-01-22,15.0771
 2021-01-21,14.862
 2021-01-20,14.8821
 2021-01-19,15.085
 2021-01-18,15.2651
 2021-01-15,15.181
 2021-01-14,15.1857
 2021-01-13,15.2618
 2021-01-12,15.4843
 2021-01-11,15.4559
 2021-01-08,15.3661
 2021-01-07,15.069
 2021-01-06,14.9784
 2021-01-05,14.7517
 2021-01-04,14.5626
 2020-12-31,14.6246
 2020-12-30,14.6446
 2020-12-29,14.6334
 2020-12-28,14.5759
 2020-12-24,14.5957
 2020-12-23,14.5893
 2020-12-22,14.6262
 2020-12-21,14.8079
 2020-12-18,14.6437
 2020-12-17,14.7523
 2020-12-15,14.9929
 2020-12-14,15.002
 2020-12-11,15.138
 2020-12-10,14.9509
 2020-12-09,14.958
 2020-12-08,15.1246
 2020-12-07,15.2472
 2020-12-04,15.1937
 2020-12-03,15.3268
 2020-12-02,15.318
 2020-12-01,15.3842
 2020-11-30,15.2823
 2020-11-27,15.1929
 2020-11-26,15.1518
 2020-11-25,15.1329
 2020-11-24,15.325
 2020-11-23,15.3124
 2020-11-20,15.4251
 2020-11-19,15.5312
 2020-11-18,15.3185
 2020-11-17,15.35
 2020-11-16,15.4406
 2020-11-13,15.6216
 2020-11-12,15.671
 2020-11-11,15.6208
 2020-11-10,15.4308
 2020-11-09,15.5849
 2020-11-06,15.7343
 2020-11-05,15.8452
 2020-11-04,16.3127
 2020-11-03,16.0853
 2020-11-02,16.3007
 2020-10-30,16.3246
 2020-10-29,16.4177
 2020-10-28,16.3194
 2020-10-27,16.2141
 2020-10-26,16.3099
 2020-10-23,16.1907
 2020-10-22,16.2736
 2020-10-21,16.4229
 2020-10-20,16.4932
 2020-10-19,16.4799
 2020-10-16,16.5529
 2020-10-15,16.6568
 2020-10-14,16.5103
 2020-10-13,16.5167
 2020-10-12,16.4855
 2020-10-09,16.4729
 2020-10-08,16.6029
 2020-10-07,16.5829
 2020-10-06,16.6567
 2020-10-05,16.4131
 2020-10-02,16.6863
 2020-10-01,16.5929
 2020-09-30,16.9231
 2020-09-29,17.1607
 2020-09-28,17.1782
 2020-09-25,16.8591
 2020-09-23,16.9708
 2020-09-22,16.8537
 2020-09-21,16.5242
 2020-09-18,16.1366
 2020-09-17,16.3537
 2020-09-16,16.3607
 2020-09-15,16.6255
 2020-09-14,16.6146
 2020-09-11,16.7538
 2020-09-10,16.6634
 2020-09-09,16.8338
 2020-09-08,16.8259
 2020-09-07,16.6242
 2020-09-04,16.6546
 2020-09-03,16.7588
 2020-09-02,16.7199
 2020-09-01,16.7129
 2020-08-31,16.6816
 2020-08-28,16.842
 2020-08-27,16.8399
 2020-08-26,16.8118
 2020-08-25,16.8734
 2020-08-24,17.0129
 2020-08-21,17.2937
 2020-08-20,17.3246
 2020-08-19,17.2529
 2020-08-18,17.4446
 2020-08-17,17.4046
 2020-08-14,17.4595
 2020-08-13,17.4791
 2020-08-12,17.4808
 2020-08-11,17.5549
 2020-08-07,17.6467
 2020-08-06,17.5029
 2020-08-05,17.3467
 2020-08-04,17.2558
 2020-08-03,17.2005
 2020-07-31,16.8821
 2020-07-30,16.7816
 2020-07-29,16.4216
 2020-07-28,16.4625
 2020-07-27,16.5496
 2020-07-24,16.7403
 2020-07-23,16.465
 2020-07-22,16.5068
 2020-07-21,16.5935
 2020-07-20,16.7257
 2020-07-17,16.7276
 2020-07-16,16.6835
 2020-07-15,16.616
 2020-07-14,16.8549
 2020-07-13,16.7823
 2020-07-10,16.8708
 2020-07-09,16.8333
 2020-07-08,17.0817
 2020-07-07,17.1183
 2020-07-06,16.9738
 2020-07-03,16.9659
 2020-07-02,16.9107
 2020-07-01,17.2591
 2020-06-30,17.3312
 2020-06-29,17.2867
 2020-06-26,17.2295
 2020-06-25,17.4021
 2020-06-24,17.3211
 2020-06-23,17.2399
 2020-06-22,17.418
 2020-06-19,17.411
 2020-06-18,17.233
 2020-06-17,17.1313
 2020-06-15,17.2408
 2020-06-12,17.0858
 2020-06-11,16.6296
 2020-06-10,16.5799
 2020-06-09,16.882
 2020-06-08,16.7474
 2020-06-05,16.8481
 2020-06-04,17.0257
 2020-06-03,17.0333
 2020-06-02,17.3131
 2020-06-01,17.4901
 2020-05-29,17.5479
 2020-05-28,17.4648
 2020-05-27,17.4744
 2020-05-26,17.4267
 2020-05-25,17.6405
 2020-05-22,17.8171
 2020-05-21,17.9426
 2020-05-20,18.1355
 2020-05-19,18.2914
 2020-05-18,18.481
 2020-05-15,18.5111
 2020-05-14,18.573
 2020-05-13,18.4124
 2020-05-12,18.4294
 2020-05-11,18.3212
 2020-05-08,18.4869
 2020-05-07,18.5817
 2020-05-06,18.4852
 2020-05-05,18.28
 2020-05-04,18.7516
 2020-04-30,18.0589
 2020-04-29,18.4869
 2020-04-28,18.6678
 2020-04-24,19.0722
 2020-04-23,19.0243
 2020-04-22,18.8829
 2020-04-21,19.0549
 2020-04-20,18.9305
 2020-04-17,18.8159
 2020-04-16,18.5972
 2020-04-15,18.6243
 2020-04-14,18.0303
 2020-04-09,18.0868
 2020-04-08,18.4033
 2020-04-07,18.3207
 2020-04-06,19.0768
 2020-04-03,18.7096
 2020-04-02,18.2113
 2020-04-01,18.0283
 2020-03-31,17.9822
 2020-03-30,17.8226
 2020-03-27,17.5046
 2020-03-26,17.4915
 2020-03-25,17.3437
 2020-03-24,17.7233
 2020-03-23,17.8108
 2020-03-20,17.1939
 2020-03-19,17.3757
 2020-03-18,16.7717
 2020-03-17,16.5498
 2020-03-16,16.6289
 2020-03-13,16.3201
 2020-03-12,16.4264
 2020-03-11,16.0714
 2020-03-10,15.9082
 2020-03-09,16.1815
 2020-03-06,15.5874
 2020-03-05,15.3336
 2020-03-04,15.3659
 2020-03-03,15.5337
 2020-03-02,15.5255
 2020-02-28,15.6171
 2020-02-27,15.2974
 2020-02-26,15.2421
 2020-02-25,15.0972
 2020-02-24,15.1622
 2020-02-21,15.1746
 2020-02-20,15.1279
 2020-02-19,14.953
 2020-02-18,15.043
 2020-02-17,14.8726
 2020-02-14,14.8601
 2020-02-13,14.9328
 2020-02-12,14.7639
 2020-02-11,14.894
 2020-02-10,15.0239
 2020-02-07,14.9915
 2020-02-06,14.7652
 2020-02-05,14.7974
 2020-02-04,14.7731
 2020-02-03,14.9742
 2020-01-31,14.8455
 2020-01-30,14.6841
 2020-01-29,14.5661
 2020-01-28,14.6031
 2020-01-27,14.5207
 2020-01-24,14.3595
 2020-01-23,14.3017
 2020-01-22,14.4858
 2020-01-21,14.569
 2020-01-20,14.5289
 2020-01-17,14.3698
 2020-01-16,14.3822
 2020-01-15,14.4073
 2020-01-14,14.4688
 2020-01-13,14.3475
 2020-01-10,14.2363
 2020-01-09,14.1313
 2020-01-08,14.2698
 2020-01-07,14.1799
 2020-01-06,14.3193
 2020-01-03,14.2243
 2020-01-02,13.9923
 2019-12-31,14.0418
 2019-12-30,13.9709
 2019-12-27,14.1058
 2019-12-24,14.2009
 2019-12-23,14.2591
 2019-12-20,14.2105
 2019-12-19,14.3126
 2019-12-18,14.4242
 2019-12-17,14.484
 2019-12-13,14.5008
 2019-12-12,14.6747
 2019-12-11,14.7509
 2019-12-10,14.6624
 2019-12-09,14.6524
 2019-12-06,14.6419
 2019-12-05,14.5918
 2019-12-04,14.6129
 2019-12-03,14.5691
 2019-12-02,14.6861
 2019-11-29,14.6955
 2019-11-28,14.7837
 2019-11-27,14.762
 2019-11-26,14.8174
 2019-11-25,14.6994
 2019-11-22,14.5949
 2019-11-21,14.7526
 2019-11-20,14.8254
 2019-11-19,14.7539
 2019-11-18,14.7425
 2019-11-15,14.785
 2019-11-14,14.945
 2019-11-13,14.9449
 2019-11-12,14.8794
 2019-11-11,14.9281
 2019-11-08,14.7749
 2019-11-07,14.7737
 2019-11-06,14.7845
 2019-11-05,14.7391
 2019-11-04,14.8356
 2019-11-01,15.0719
 2019-10-31,15.0823
 2019-10-30,14.6283
 2019-10-29,14.5509
 2019-10-28,14.5531
 2019-10-25,14.6299
 2019-10-24,14.6354
 2019-10-23,14.6475
 2019-10-22,14.7396
 2019-10-21,14.7532
 2019-10-18,14.7875
 2019-10-17,14.8467
 2019-10-16,15.0037
 2019-10-15,14.8059
 2019-10-14,14.8136
 2019-10-11,14.9319
 2019-10-10,15.1102
 2019-10-09,15.2138
 2019-10-08,15.1579
 2019-10-07,15.1291
 2019-10-04,15.1643
 2019-10-03,15.1585
 2019-10-02,15.3802
 2019-10-01,15.2187
 2019-09-30,15.1971
 2019-09-27,15.071
 2019-09-26,15.0776
 2019-09-25,14.989
 2019-09-23,14.9592
 2019-09-20,14.7992
 2019-09-19,14.6649
 2019-09-18,14.6349
 2019-09-17,14.7536
 2019-09-16,14.6588
 2019-09-13,14.556
 2019-09-12,14.6038
 2019-09-11,14.706
 2019-09-10,14.7249
 2019-09-09,14.7774
 2019-09-06,14.7806
 2019-09-05,14.7532
 2019-09-04,14.9383
 2019-09-03,15.2256
 2019-09-02,15.1542
 2019-08-30,15.2324
 2019-08-29,15.3438
 2019-08-28,15.2839
 2019-08-27,15.321
 2019-08-26,15.2849
 2019-08-23,15.1411
 2019-08-22,15.2261
 2019-08-21,15.2346
 2019-08-20,15.3949
 2019-08-19,15.3793
 2019-08-16,15.1825
 2019-08-15,15.2838
 2019-08-14,15.1626
 2019-08-13,15.3524
 2019-08-12,15.412
 2019-08-08,15.0611
 2019-08-07,14.8924
 2019-08-06,14.7886
 2019-08-05,14.9185
 2019-08-02,14.7089
 2019-08-01,14.4699
 2019-07-31,14.1784
 2019-07-30,14.2011
 2019-07-29,14.2762
 2019-07-26,14.1524
 2019-07-25,13.9542
 2019-07-24,13.9326
 2019-07-23,13.8933
 2019-07-22,13.9225
 2019-07-19,13.8574
 2019-07-18,13.9938
 2019-07-17,13.9769
 2019-07-16,13.8849
 2019-07-15,13.8938
 2019-07-12,13.9174
 2019-07-11,13.9502
 2019-07-10,14.1986
 2019-07-09,14.206
 2019-07-08,14.1829
 2019-07-05,14.0877
 2019-07-04,13.9942
 2019-07-03,14.1303
 2019-07-02,14.2069
 2019-07-01,14.1074
 2019-06-28,14.1487
 2019-06-27,14.1846
 2019-06-26,14.3285
 2019-06-25,14.3015
 2019-06-24,14.271
 2019-06-21,14.4013
 2019-06-20,14.2252
 2019-06-19,14.5187
 2019-06-18,14.6827
 2019-06-14,14.8474
 2019-06-13,14.8449
 2019-06-12,14.7488
 2019-06-11,14.7474
 2019-06-10,14.8669
 2019-06-07,15.1165
 2019-06-06,14.8874
 2019-06-05,14.7427
 2019-06-04,14.4255
 2019-06-03,14.5738
 2019-05-31,14.7581
 2019-05-30,14.6307
 2019-05-29,14.8641
 2019-05-28,14.5746
 2019-05-27,14.4258
 2019-05-24,14.4264
 2019-05-23,14.4599
 2019-05-22,14.3649
 2019-05-21,14.4655
 2019-05-20,14.3674
 2019-05-17,14.3363
 2019-05-16,14.201
 2019-05-15,14.2384
 2019-05-14,14.254
 2019-05-13,14.2849
 2019-05-10,14.2549
 2019-05-09,14.3995
 2019-05-07,14.4626
 2019-05-06,14.4702
 2019-05-03,14.5492
 2019-05-02,14.4268
 2019-04-30,14.3319
 2019-04-29,14.3278
 2019-04-26,14.3816
 2019-04-25,14.4946
 2019-04-24,14.3474
 2019-04-23,14.2165
 2019-04-18,14.0699
 2019-04-17,13.9475
 2019-04-16,14.0435
 2019-04-15,13.9349
 2019-04-12,13.9581
 2019-04-11,13.921
 2019-04-10,14.0288
 2019-04-09,14.061
 2019-04-08,14.1405
 2019-04-05,14.1024
 2019-04-04,14.191
 2019-04-03,14.1396
 2019-04-02,14.2112
 2019-04-01,14.2747
 2019-03-29,14.5968
 2019-03-28,14.6804
 2019-03-27,14.4669
 2019-03-26,14.3838
 2019-03-25,14.481
 2019-03-22,14.3451
 2019-03-20,14.485
 2019-03-19,14.4188
 2019-03-18,14.4311
 2019-03-15,14.4415
 2019-03-14,14.446
 2019-03-13,14.3633
 2019-03-12,14.2649
 2019-03-11,14.3446
 2019-03-08,14.5496
 2019-03-07,14.2824
 2019-03-06,14.1935
 2019-03-05,14.1902
 2019-03-04,14.219
 2019-03-01,14.1054
 2019-02-28,13.9532
 2019-02-27,13.8394
 2019-02-26,13.8585
 2019-02-25,13.8482
 2019-02-22,13.9843
 2019-02-21,13.9085
 2019-02-20,14.1018
 2019-02-19,14.1699
 2019-02-18,14.1031
 2019-02-15,14.1863
 2019-02-14,14.1574
 2019-02-13,13.756
 2019-02-12,13.7721
 2019-02-11,13.6242
 2019-02-08,13.6505
 2019-02-07,13.5913
 2019-02-06,13.4499
 2019-02-05,13.4101
 2019-02-04,13.3568
 2019-02-01,13.2966
 2019-01-31,13.3249
 2019-01-30,13.5932
 2019-01-29,13.7068
 2019-01-28,13.64
 2019-01-25,13.6823
 2019-01-24,13.7956
 2019-01-23,13.919
 2019-01-22,13.9176
 2019-01-21,13.8848
 2019-01-18,13.7631
 2019-01-17,13.7387
 2019-01-16,13.707
 2019-01-15,13.822
 2019-01-14,13.9269
 2019-01-11,13.8401
 2019-01-10,13.863
 2019-01-09,13.9507
 2019-01-08,13.9699
 2019-01-07,13.9272
 2019-01-04,14.1551
 2019-01-03,14.487
 2019-01-02,14.4348
